{
  "E_out": [
    0.5,
    0.25,
    0.125,
    0.0625
  ],
  "Gamma_term_sharp_excludes_cancellation_loci": true,
  "V_out": [
    1,
    2,
    3,
    4
  ],
  "X_gamma": [
    0.25,
    -0.5,
    0.75,
    -1.0
  ],
  "a_curv": 1.52587890625e-05,
  "c0": 0.00018310546875,
  "epsilon_gamma": 0.25
}
