{
  "Gamma_term_sharp_excludes_cancellation_loci": true,
  "x_gamma_min_abs": 0.25,
  "c0": 0.00018310546875,
  "a_curv": 1.52587890625e-05,
  "V_out": [1, 2, 3, 4],
  "E_out": [0.5, 0.25, 0.125, 0.0625],
  "X_gamma": [0.25, -0.5, 0.75, -1.0]
}
